index,file,frame,px,long_px,score,share_of_frame,oracle_surface,corners,verdict
0,003939,0,61,85,0.749,0.0025,none,"739,552 678,552 678,467 739,467",has text
1,003939,0,87,96,0.741,0.00789,screen,"990,910 938,840 1014,782 1067,852",none
2,003939,0,153,201,0.63,0.0276,none,"860,955 684,858 758,725 933,821",none
3,003939,135,106,124,0.77,0.00637,none,"622,712 516,712 516,588 622,588",has text
4,003939,135,127,129,0.647,0.01556,none,"574,745 475,665 556,565 655,644",has text
5,003939,271,94,124,0.73,0.00585,none,"510,544 507,421 601,418 604,542",has text
6,003939,406,105,117,0.696,0.00818,none,"1307,709 1287,606 1402,583 1422,686",has text
7,003939,542,79,92,0.76,0.0035,none,"1380,595 1288,595 1288,515 1380,515",none
8,003939,677,78,117,0.758,0.00489,none,"717,649 711,532 789,528 796,645",has text
9,003939,677,156,214,0.706,0.02015,none,"396,813 184,787 203,632 416,659",none
10,003939,813,139,146,0.637,0.01195,none,"902,634 886,488 1025,473 1041,618",has text
11,003939,948,64,79,0.741,0.00243,none,"1321,638 1241,638 1241,574 1321,574",none
12,003939,1084,22,61,0.781,0.00135,none,"227,1245 171,1222 179,1201 236,1224",text
13,003939,1084,20,20,0.628,0.0002,none,"768,813 747,813 747,793 768,793",none
14,003939,1219,79,89,0.737,0.00338,none,"1455,319 1366,319 1366,240 1455,240",none
15,003939,1219,76,90,0.679,0.00439,none,"665,1057 653,982 742,967 754,1042",none
16,003939,1355,81,93,0.704,0.00619,screen,"217,821 186,747 272,711 303,786",none
17,003939,1355,102,106,0.657,0.0052,none,"805,1037 699,1037 699,934 805,934",none
18,003939,1355,144,149,0.645,0.01956,none,"719,1100 640,973 763,897 841,1024",none
19,003939,1626,115,123,0.773,0.00681,none,"815,1077 692,1077 692,962 815,962",none
20,003939,1626,100,121,0.761,0.00688,none,"1194,606 1095,597 1105,476 1205,485",none
21,003939,1626,142,188,0.758,0.01881,none,"793,1156 655,1123 698,940 836,973",none
22,003939,1761,36,51,0.859,0.00087,none,"678,138 643,138 643,88 678,88",none
23,003939,1897,98,122,0.846,0.00575,none,"960,924 862,924 862,802 960,802",none
24,003939,1897,34,174,0.829,0.00372,none,"626,243 624,209 797,199 799,233",text
25,003939,1897,51,72,0.803,0.00177,none,"568,244 496,244 496,193 568,193",none
26,003939,1897,88,105,0.692,0.00579,none,"738,894 634,878 647,791 751,806",none
27,003939,1897,111,139,0.664,0.01482,none,"727,935 615,851 682,762 794,846",none
28,003939,1897,137,207,0.656,0.01752,none,"775,949 757,813 962,786 981,921",none
29,003939,2032,83,114,0.806,0.00454,none,"663,345 581,345 581,231 663,231",none
30,003939,2032,189,242,0.779,0.02364,none,"1086,591 1079,402 1321,393 1328,582",none
31,004100,66,99,137,0.651,0.00927,none,"621,228 601,131 734,103 755,201",none
32,004100,66,35,97,0.632,0.0024,none,"923,899 827,884 833,849 928,864",none
33,004100,262,206,229,0.742,0.02266,none,"637,481 409,481 409,275 637,275",none
34,004100,262,55,72,0.717,0.00229,none,"301,314 295,242 350,237 356,309",none
35,004100,262,121,134,0.691,0.01218,none,"1320,994 1204,958 1244,831 1359,866",none
36,004100,262,201,287,0.678,0.03449,none,"1081,1030 1057,831 1342,797 1366,997",none
37,004100,262,40,40,0.654,0.00077,none,"343,289 304,289 304,249 343,249",none
38,004100,262,127,129,0.644,0.00784,none,"1226,988 1098,988 1098,862 1226,862",none
39,004100,262,107,112,0.638,0.00982,none,"470,462 427,359 526,318 569,422",none
40,004100,328,30,77,0.648,0.00172,none,"777,905 772,875 848,861 854,891",none
41,004100,393,33,37,0.746,0.00058,none,"987,151 950,151 950,118 987,118",none
42,004100,459,16,31,0.612,0.00024,none,"804,669 773,669 773,652 804,652",none
43,004100,524,115,117,0.715,0.00649,none,"1302,876 1184,876 1184,761 1302,761",none
44,004100,524,59,68,0.635,0.00361,none,"1360,404 1331,352 1391,319 1419,371",none
45,004100,590,171,203,0.825,0.01671,none,"1267,257 1064,257 1064,86 1267,86",none
46,004100,590,32,33,0.681,0.00051,screen,"1434,1264 1401,1264 1401,1232 1434,1232",none
47,004100,590,53,64,0.629,0.00162,none,"1215,186 1162,186 1162,122 1215,122",none
48,004100,721,26,106,0.803,0.00167,none,"840,732 839,705 944,699 946,726",none
49,004100,721,188,265,0.713,0.02396,none,"1484,607 1219,607 1219,419 1484,419",none
50,004100,721,64,93,0.61,0.0055,none,"521,604 490,548 572,503 603,559",none
51,004100,786,38,71,0.816,0.00132,none,"1117,211 1078,211 1078,140 1117,140",none
52,004100,786,106,106,0.741,0.00545,none,"1040,793 934,793 934,686 1040,686",none
53,004100,852,16,27,0.624,0.00021,none,"942,1117 926,1117 926,1090 942,1090",none
54,004100,917,44,62,0.798,0.00133,none,"640,435 596,435 596,372 640,372",none
55,004100,917,24,34,0.75,0.0004,none,"643,336 619,336 619,301 643,301",none
56,004100,917,34,62,0.696,0.00102,none,"646,339 612,339 612,277 646,277",none
57,004100,983,117,123,0.827,0.00829,none,"880,792 758,780 770,664 892,676",none
58,004310,0,72,83,0.72,0.0036,screen,"109,399 37,390 47,308 119,317",none
59,004310,62,43,62,0.64,0.00238,none,"1351,367 1296,339 1315,301 1370,329",none
60,004310,125,141,156,0.745,0.01402,sign,"1393,563 1238,537 1262,398 1416,424",none
61,004310,187,21,27,0.628,0.00028,none,"1380,347 1352,347 1352,326 1380,326",none
62,004310,250,26,54,0.735,0.0009,sign,"1097,394 1044,387 1047,361 1101,368",none
63,004310,250,80,160,0.711,0.00985,sign,"1013,612 993,534 1149,495 1168,573",none
64,004310,250,59,75,0.646,0.00212,none,"1557,1084 1498,1084 1498,1009 1557,1009",none
65,004310,312,32,51,0.664,0.00134,none,"1259,450 1211,433 1221,403 1270,420",none
66,004310,375,68,72,0.693,0.00233,screen,"132,409 65,409 65,337 132,337",none
67,004310,375,90,131,0.665,0.00727,sign,"1203,431 1073,414 1085,325 1215,342",none
68,004310,437,96,106,0.705,0.00488,none,"768,779 662,779 662,683 768,683",none
69,004310,437,54,56,0.675,0.00248,none,"533,447 481,426 501,376 553,396",none
70,004310,500,120,189,0.918,0.01146,none,"1065,227 1063,108 1252,103 1254,223",none
71,004310,500,106,153,0.797,0.01097,screen,"792,217 771,113 921,83 942,187",none
72,004310,500,92,148,0.756,0.00657,none,"1486,271 1338,271 1338,178 1486,178",none
73,004310,500,88,231,0.667,0.01509,screen,"1150,320 1134,233 1360,190 1376,276",none
74,004310,500,48,53,0.661,0.00129,none,"1036,194 1035,141 1082,140 1084,193",none
75,004310,500,105,201,0.603,0.01113,screen,"1220,544 1216,439 1417,431 1421,537",none
76,004310,562,93,94,0.794,0.00487,none,"742,383 649,376 657,282 749,290",text
77,004310,562,70,85,0.768,0.00348,none,"73,437 66,368 151,359 158,429",none
78,004310,562,77,80,0.711,0.00357,none,"1484,669 1476,592 1555,584 1563,661",none
79,004310,562,96,217,0.701,0.01008,none,"1119,363 902,363 902,266 1119,266",none
80,004310,562,75,137,0.636,0.00493,none,"1120,357 983,357 983,282 1120,282",none
81,004310,687,56,136,0.74,0.00472,none,"1076,483 940,470 946,414 1081,427",none
82,004310,687,37,76,0.694,0.00216,none,"1165,308 1092,290 1101,254 1174,272",none
83,004310,687,33,72,0.691,0.00186,none,"1341,825 1309,817 1326,747 1358,755",none
84,004310,687,48,57,0.668,0.0016,none,"593,391 587,334 634,329 640,385",none
85,004310,687,42,53,0.645,0.00198,none,"1545,1087 1507,1068 1531,1021 1568,1039",none
86,004310,687,42,54,0.621,0.00194,none,"1133,642 1116,603 1166,582 1183,621",none
87,004310,687,91,114,0.614,0.00499,none,"648,396 534,396 534,305 648,305",none
88,004310,750,114,129,0.833,0.0085,none,"393,881 279,870 292,741 405,752",none
89,004310,750,110,150,0.796,0.00788,screen,"756,1007 607,1007 607,897 756,897",none
90,004310,750,44,62,0.705,0.00132,screen,"868,518 806,518 806,474 868,474",none
91,004310,750,67,111,0.626,0.0047,screen,"1213,613 1203,547 1313,531 1323,597",none
92,004310,812,57,64,0.674,0.00175,none,"1011,816 947,816 947,759 1011,759",none
93,004310,812,78,168,0.629,0.00688,none,"1262,570 1259,492 1427,486 1430,564",none
94,004310,875,73,147,0.766,0.01014,badge,"1272,675 1139,613 1169,546 1303,608",none
95,004310,875,47,100,0.703,0.00311,sign,"644,536 637,490 736,475 743,521",none
96,004310,875,61,65,0.689,0.0019,screen,"96,473 31,473 31,412 96,412",none
97,005035,0,68,70,0.682,0.00229,none,"1536,831 1468,831 1468,761 1536,761",none
98,005035,0,62,89,0.618,0.00477,screen,"1347,638 1266,602 1291,545 1372,581",none
99,005035,265,58,118,0.717,0.00622,screen,"1120,695 1011,650 1033,597 1142,642",none
100,005035,265,53,54,0.65,0.00193,screen,"431,408 378,397 388,345 441,356",has text
101,005035,529,85,113,0.736,0.00563,none,"371,295 259,283 267,198 380,210",none
102,005035,794,51,65,0.675,0.00159,none,"119,1108 54,1108 54,1057 119,1057",none
103,005035,794,41,49,0.654,0.00097,none,"1505,392 1465,392 1465,343 1505,343",none
104,005035,794,53,54,0.63,0.00195,none,"1501,397 1449,385 1460,333 1512,345",none
105,005035,1059,27,62,0.803,0.00091,none,"787,1238 725,1235 727,1208 788,1211",none
106,005035,1059,54,66,0.803,0.00172,none,"252,560 198,560 198,494 252,494",none
107,005035,1588,120,154,0.741,0.00892,none,"589,377 434,377 434,257 589,257",none
108,005035,1588,55,78,0.643,0.00422,none,"1503,226 1440,179 1474,135 1536,182",none
109,005035,1853,95,134,0.612,0.0121,none,"1349,1098 1275,986 1355,934 1428,1046",none
110,005035,2117,98,274,0.79,0.01785,none,"108,626 96,529 367,495 379,592",none
111,005035,2117,58,131,0.742,0.00408,none,"662,649 660,591 790,585 793,643",none
112,005035,2117,102,147,0.64,0.00784,none,"263,601 259,500 406,493 410,595",none
113,005035,2117,26,35,0.606,0.00083,none,"341,567 327,545 357,527 371,549",none
114,005035,2647,74,115,0.823,0.00463,none,"1402,1094 1395,979 1468,975 1475,1090",none
115,005035,2647,108,172,0.751,0.01287,none,"499,1151 331,1116 353,1011 521,1046",none
116,005035,2647,62,116,0.727,0.00344,none,"339,235 223,235 223,173 339,173",text
117,005035,2647,66,72,0.68,0.00458,none,"1397,886 1346,835 1393,788 1444,839",none
118,005035,2647,42,58,0.656,0.00117,none,"326,226 269,226 269,184 326,184",text
119,005035,2911,48,48,0.647,0.00113,none,"821,365 772,365 772,317 821,317",none
120,005035,3176,56,64,0.799,0.00171,none,"161,527 105,527 105,463 161,463",none
121,005035,3176,13,46,0.716,0.00064,none,"602,242 558,226 563,214 606,230",none
122,005035,3705,50,73,0.795,0.0022,none,"218,571 209,499 258,493 267,565",none
123,005035,3705,54,58,0.714,0.00151,screen,"469,672 411,672 411,618 469,618",none
